evidence_item,result_class
fresh_clone,FRESH_CLONE_REPRODUCTION_PASSED_GIT_CLONE
docker_runtime,DOCKER_RUNTIME_VALIDATED_PUBLIC_MINI
release_candidate,RELEASE_CANDIDATE_READY
crag_mapping_v2,CRAG_EVALUATOR_MAPPING_V2_ACTIVE_NONCONSTANT_SIGNAL
hotpotqa_audit_v2,HOTPOTQA_GEN_QUALITY_AUDIT_V2_CONFIRMED_NONCONSTANT_SIGNAL
selector_stress_v2,SELECTOR_ABLATION_STRESS_V2_GOVERNANCE_BLOCKS_UNSAFE_SELECTORS
verify_run,VERIFY_RUN_PASSED
external_adapters_v2,EXTERNAL_EVALUATOR_ADAPTER_V2_PROMOTION_DECISION_GENERATED
aim_hardware_matrix,AIM_HARDWARE_MATRIX_COMPLETED
