selector,selected_policy,quality_delta,cost_delta,latency_delta,api_call_delta,quality_loss_rate,blocked_rate,promotion_rate,inconclusive_rate,heldout_stability,result_class,unsafe_selector_flag
quality_only,quality_only,-0.02,-1.0,-10.0,-1.0,0.25,0.0,1.0,0.0,not_guarded,UNSAFE_IF_UNGUARDED,False
cost_only,cost_only,-0.02,-1.0,-10.0,-1.0,0.25,0.0,1.0,0.0,not_guarded,UNSAFE_IF_UNGUARDED,True
latency_only,latency_only,-0.02,-1.0,-10.0,-1.0,0.25,0.0,1.0,0.0,not_guarded,UNSAFE_IF_UNGUARDED,True
random_eligible,random_eligible,-0.02,-1.0,-10.0,-1.0,0.25,0.0,1.0,0.0,not_guarded,UNSAFE_IF_UNGUARDED,True
static_default,static_default,-0.02,-1.0,-10.0,-1.0,0.25,0.0,1.0,0.0,not_guarded,UNSAFE_IF_UNGUARDED,False
rag_compass_optional,rag_compass_optional,-0.02,-1.0,-10.0,-1.0,0.25,0.0,1.0,0.0,not_guarded,UNSAFE_IF_UNGUARDED,False
governed_noninferiority_selector,risk_guarded_governance,0.0,-1.0,-10.0,-1.0,0.0,0.66,0.34,0.6599999999999999,bounded,BLOCKS_UNSAFE,False
risk_guarded_selector,risk_guarded_governance,0.0,-1.0,-10.0,-1.0,0.0,0.66,0.34,0.6599999999999999,bounded,BLOCKS_UNSAFE,False
oracle_ceiling,oracle_ceiling,0.0,-1.0,-10.0,-1.0,0.0,0.0,1.0,0.0,not_guarded,UNSAFE_IF_UNGUARDED,False
